{"posts_time": [1656205254.37786, 1656205272.1208894, 1656205294.9774148], "ip_count": {"127.0.0.1": 3}, "ip_time": {"127.0.0.1": 1656205254.376913}}