{"posts_time": [1653578098.6196828, 1653578143.6482391], "ip_count": {"127.0.0.1": 2}, "ip_time": {"127.0.0.1": 1653578098.6196828}}